{
 "gameID": "42mas6unvo3t",
 "avgTimePMoveB": 0.17142857142857143,
 "WhiteTime": 296400,
 "avgTimePMoveW": 0.7999999999999999,
 "moves": "e2e4 e7e5 g1f3 b8c6 d2d4",
 "BlackTime": 285770,
 "moveCount": 2.4
}