{
 "gameID": "9i8guk09aRwN",
 "WhiteTime": 27,
 "moves": "e2e4 c7c6 e4e5 d7d6",
 "BlackTime": 2,
 "avgTimePW": 0.07307692307692307,
 "moveCount": 1.9,
 "avgTimePB": 0.0063545150501672235
}