{
 "gameID": "LbXnymxvYfd1",
 "WhiteTime": 250,
 "moves": "e2e4 b7b6 e4e5 c8b7",
 "BlackTime": 298,
 "avgTimePW": 0.03877551020408163,
 "moveCount": 1.9,
 "avgTimePB": 0.0063545150501672235
}